<?xml version="1.0" encoding="UTF-8"?>
<beans:beans xmlns="http://www.springframework.org/schema/mvc"
	xmlns:xsi="http://www.w3.org/2001/XMLSchema-instance"
	xmlns:beans="http://www.springframework.org/schema/beans"
	xmlns:context="http://www.springframework.org/schema/context"
	xsi:schemaLocation="http://www.springframework.org/schema/mvc https://www.springframework.org/schema/mvc/spring-mvc.xsd
		http://www.springframework.org/schema/beans https://www.springframework.org/schema/beans/spring-beans.xsd
		http://www.springframework.org/schema/context https://www.springframework.org/schema/context/spring-context.xsd">

	<!-- DispatcherServlet Context: defines this servlet's request-processing infrastructure -->
	
	<!-- Enables the Spring MVC @Controller programming model -->
	<annotation-driven />

	<!-- Handles HTTP GET requests for /resources/** by efficiently serving up static resources in the ${webappRoot}/resources directory -->
	<resources mapping="/resources/**" location="/resources/" />

	<!-- Resolves views selected for rendering by @Controllers to .jsp resources in the /WEB-INF/views directory -->
	<beans:bean class="org.springframework.web.servlet.view.InternalResourceViewResolver">
		<beans:property name="prefix" value="/WEB-INF/views/" />
		<beans:property name="suffix" value=".jsp" />
	</beans:bean>
	
	<context:component-scan base-package="com.koreait.springTransaction3" />
	
	<!-- DriverManagerDataSource 클래스 bean 설정 => DB 연결정보 -->
	<beans:bean name="dataSource" class="org.springframework.jdbc.datasource.DriverManagerDataSource">
		<beans:property name="driverClassName" value="oracle.jdbc.driver.OracleDriver"/>
		<beans:property name="url" value="jdbc:oracle:thin:@localhost:1521:xe"/>
		<beans:property name="username" value="jspuser"/>
		<beans:property name="password" value="123456"/>
	</beans:bean>
	
	<!-- JdbcTemplate 클래스 bean 설정 => DB와 연결 -->
	<beans:bean name="template" class="org.springframework.jdbc.core.JdbcTemplate">
		<beans:property name="dataSource" ref="dataSource"/>
	</beans:bean>
	
	<!-- 트랜잭션 Bean 과 탬플릿 설정 추가 -->
	<!-- 트랜잭션 Bean 설정 -->
	<beans:bean name="transactionManager" class="org.springframework.jdbc.datasource.DataSourceTransactionManager">
		<beans:property name="dataSource" ref="dataSource"/>
	</beans:bean>
	
	<!-- 트랜잭션 Bean을 참조하는 트랜잭션 템플릿 Bean 설정 추가 -->
	<beans:bean name="transactionTemplate" class="org.springframework.transaction.support.TransactionTemplate">
		<beans:property name="transactionManager" ref="transactionManager"/>
	</beans:bean>
	
	<!-- DAO 클래스의 bean 설정 -->
	<beans:bean name="dao" class="com.koreait.dao.TransactionDAO">
		<beans:property name="template" ref="template"/>
		<!-- 트랜잭선 객체 초기화 => 트랜잭션 템플릿을 사용하므로 필요없다. -->
		<!-- <beans:property name="transactionManager" ref="transactionManager"/> -->
		<!-- 트랜잭션 템플릿 객체 초기화 --><!-- dao에서 탬플릿으로 한번더 감쌌다는 의미 -->
		<beans:property name="transactionTemplate" ref="transactionTemplate"/>
	</beans:bean>
	
</beans:beans>
